<configuration>
    <appender name="STDOUT" class="ch.qos.logback.core.ConsoleAppender">
        <encoder>
            <pattern>%d{HH:mm:ss.SSS} TKD [%thread] %-5level %logger{36} - %msg%n</pattern>
        </encoder>
    </appender>

    <appender name="FILE" class="ch.qos.logback.core.FileAppender">
        <file>C:/SPL/test.log</file>
        <append>true</append>
        <encoder>
            <pattern>%d{HH:mm:ss.SSS} TKD [%thread] %-5level %logger{36} - %msg%n</pattern>
        </encoder>
    </appender>

    <root level="debug">
        <!--<appender-ref ref="STDOUT" />-->
        <appender-ref ref="FILE" />
    </root>
</configuration>
